0100002N, X10, Llav. Abanico Lunares, 0, LLAVERO
0100004, X10, Llav. Quijote Texto, 1, LLAVERO
0100005L, X10, Llav. Quijote Frontal Laton, 2, LLAVERO
0100005P, X10, Llav. Quijote Frontal Plata, 3, LLAVERO
0100008, X10, Llav. Pareja Baile Nuevo, 4, LLAVERO
0100012, X10, Llav. Quijote Redondo, 5, LLAVERO
0100013, X10, Llav. Margarita Pase Torero, 6, LLAVERO
0100015, X10, Llav. España Baile abanico, 7, LLAVERO
0100016, X10, Llav. España Baile toro abridor, 8, LLAVERO
0100017, X10, Llav. España Monumentos, 9, LLAVERO
0100018, X10, Llav. Bandera Espana, 10, LLAVERO
0100019, X10, Llav. España Monumentos, 11, LLAVERO
0100021, X10, Llav. Abridor Esc. España, 12, LLAVERO
0100023, X10, Llav. Letras España Trencadis, 13, LLAVERO
0100025, X10, Llav. Espana metopa, 14, LLAVERO
0100026, X10, Llav. España Cabeza toro, 15, LLAVERO
