0101101,Llavero Cadiz Colgantes
0101102,Llavero Cadiz cenicero redondo.
0101103,Llavero Cadiz Cenicero cuadrado
0101104,Llavero Cadiz Matricula New York
0101105,Llavero Cadiz Matricula Skyline
0101107N,Llavero Texto Cadiz No Pulido
0101109,Llav. Cadiz Catedral Silueta Banda
0101110,Llav.Cadiz Carteles Colores
0101111,Llav. Cadiz Pergamino horizontal
0101112,Llavero Cadiz llave giratorio nuevo
0101113,Llavero Cadiz Letras Pasteles
0101119,Llavero Cadiz Puertas de tierra
0101121,Llavero Cadiz Tacita de Plata
0161102,Iman Metal Cadiz Banda Bandera Corazon Piedra
0161107,Iman Metal Cadiz Londres
0161108,Iman Metal Cadiz Matricula New York
0161109,Iman Metal Cadiz Carteles Colores
0161110,Iman Metal Cadiz Tacita Brillo
0161111,Iman Metal Cadiz Redondo Banderas
0161112,Iman Metal Cadiz Texto Calado
0161113,Iman Metal Cadiz Arco Iris
0161114,Iman Metal Cadiz Matricula Blanca
0161115,Iman Metal Cadiz Matricula Skyline
0161116,Iman Metal Cadiz Timon
0141102,Abridor Iman Cadiz Pergamino
0141103,Abridor Iman Cadiz Matricula
0141104,Abridor Cadiz Letras Pastel
0161156,Iman Resina Cadiz Catedral Buho
0161157,Iman Resina Cadiz Catedral Abanico
0161159,Iman Resina Cadiz Caleta Atardecer
0161161,Iman Resina Cadiz Caleta Chancla
0161162,Iman Resina Cadiz Catedral Tacita
0161163,Iman Resina Cadiz Plato Vistas
0161164,Iman Resina Cadiz Timon Catedral
0161165,Iman Resina Cadiz Catedral Recortado
0161166,Iman Resina Cadiz Tacita Alargada Blanca
0161166A,Iman Resina Cadiz Tacita Alargada Azul
0161166C,Iman Resina Cadiz Tacita Alargada Plata Color
0161166P,Iman Resina Cadiz Tacita Alargada Plata
0161167,Iman Resina Cadiz Letras Catedral Caleta
0161168,Iman Resina Cadiz Pergamino Varios
0161169,Iman Resina Cadiz Texto Rojo Vistas
0161170,Iman Resina Cadiz Bolsa
0161171,Iman Resina Corazon Catedral - Puertas de Tierra
0161172,Iman Resina Cadiz Gran Teatro Falla
0161173,Iman Resina Cadiz Puertas de Tierras Recortado
0161174,Iman Resina Cadiz Catedral Paseo
0161177,Iman Resina Cadiz Ventana
0161178,Iman Resina Cadiz Catedral de noche
0161179,Iman Resina Cadiz Plato Plano con borde
0161180,Iman Resina Cadiz Catedral de dia
0161183,Iman Resina Cadiz Texto Calado
0161184,Iman Resina Cadiz Texto Purpurina
0161185,Iman Resina Cadiz C Purpurina
0161186,Iman Resina Cadiz Sobre
0161187,Iman Resina Cadiz Carteles
0161188,Iman Resina Cadiz Borde Negro
0161189,Iman Resina Cadiz Noche dorado
0161190,Iman Resina Cadiz Catedral Ennegrecido
0361101,Iman Resina Impreso Cadiz Azulejo
0361102,Iman Resina Impreso Cadiz Rectangular
0361103,Iman Resina Impreso Cadiz Texto
0361104,Iman Resina Impreso Cadiz Guitarra Azulejos
0161140,Iman Porcelana Azulejos 1 Cadiz
0161141,Iman Porcelana Azulejos Azules Cadiz
0161142,Iman Porcelana Azulejos 4 Cadiz
0161143,Iman Porcelana Azulejos 5 Cadiz
0161144,Iman Porcelana Vista Cadiz
0161145,iman Porcelana Azulejos 6 Cadiz
0161146,Iman Porcelana Azulejos 7 Cadiz
0161147,Iman Porcelana Azulejos 8 Cadiz
0161148,Iman Porcelana Azulejos 9 Cadiz
0161149,Iman Porcelana Azulejos 10 Cadiz
0261100,Iman Porcel. Relieve Cadiz Cuadrado 1
0261101,Iman Porcel. Relieve Cadiz Cuadrado 2
0261102,Iman Porcel. Relieve Cadiz Cuadrado 3
0261103,Iman Porcel. Relieve Cadiz Estrella 1
0261104,Iman Porcel. Relieve Cadiz Estrella 2
0261105,Iman Porcel. Relieve Cadiz Estrella 3
0361130,Iman Matricula Azulejos Cadiz Aluminio
0141140,Abridor Sacacorchos Cadiz
0111101,Pins Cadiz Escudo
0111102,Pins Cadiz Garita
0111131,Pins Cadiz Texto
0131101,Cortauñas Cadiz Azulejo
0151101,Cucharilla Cadiz
0151152,Campana Cadiz Fundicion
0231130,Salvamanteles Rectangular Cadiz azulejos
0331101,Posa Porce. Cadiz Azulejo
0171120,Set Vino Cadiz
0131150,Parche Cadiz Escudo Formato Metopa
0131151,Parche Cadiz Bandera
0131170,Adhes. Oval Esc. Cadiz
0131171,Adhes. Oval Garita
0131120,Pastillero Redondo Cadiz Catedral
0131121,Pastillero Rect. Cadiz Diseño Azulejos
0231101,Espejo Burguer Cadiz Azulejos
0131100,Set Manicura Cadiz
6010007,Pins Centro de Formacion de Tropa
0181126,Plato Cadiz Vistas 15,5 cm
0181121,Plato Cadiz Vistas 10 cm
0181154,Bola Agua Cadiz 45 mm base relieve (colores)
0181155,Bola Agua Cadiz 45 mm envejecida
0181155D,Bola Agua Cadiz 45 mm Dorada
0181155P,Bola Agua Cadiz 45 mm Plata
0181153,Bola Agua Cadiz 65 mm base relieve (colores)
0181157,Bola Agua Cadiz 65 mm Envejecida
0181102,Figura Resina Cadiz Catedral Mediana
0181101,Figura Catedral Cadiz Grande
0131190,Cubremascarilla Cadiz
0131191,Cubremascarilla Cadiz Azul Bandera Bordada
0181130,Dedal Resina Cadiz Tacita
0231102,Pisapapeles Cristal Lupa 8 cm Cadiz Azulejos
0191101,Abanico Impreso Cadiz Azulejos
0231150,Estuche Gafas Cadiz Azulejos
0131100,Set Manicura Cadiz